﻿STATE_ID,STATE,COMMUNITY_ID,COMMUNITY,REPORTER_ID,MBR_RES_COUNTY,FULL_COUNTY,POSTAL_CD
3,NY,33,Broome,333,BROOME,1,
3,NY,34,Cayuga,334,CAYUGA,1,
3,NY,35,Chautauqua,335,CHATAUQUA,1,
3,NY,36,Columbia,336,COLUMBIA,1,
3,NY,37,Cortland,337,CORTLAND,1,
3,NY,39,Genesee,339,GENESEE,1,
3,NY,40,Greene,340,GREENE,1,
3,NY,41,Lewis,341,LEWIS,1,
3,NY,43,Orange,343,ORANGE,1,
3,NY,44,Putnam,344,PUTNAM,1,
3,NY,46,Sullivan,346,SULLIVAN,1,
3,NY,47,Ulster,347,ULSTER,1,
3,NY,48,Yates,348,YATES,1,
3,NY,68,Erie (Full County),368,ERIE,1,
3,NY,69,Monroe (Full County),369,MONROE,1,
3,NY,70,Suffolk (Full County),370,SUFFOLK,1,
3,NY,38,Buffalo (Erie),338,ERIE,0,14201
3,NY,38,Buffalo (Erie),338,ERIE,0,14202
3,NY,38,Buffalo (Erie),338,ERIE,0,14203
3,NY,38,Buffalo (Erie),338,ERIE,0,14204
3,NY,38,Buffalo (Erie),338,ERIE,0,14205
3,NY,38,Buffalo (Erie),338,ERIE,0,14206
3,NY,38,Buffalo (Erie),338,ERIE,0,14207
3,NY,38,Buffalo (Erie),338,ERIE,0,14208
3,NY,38,Buffalo (Erie),338,ERIE,0,14209
3,NY,38,Buffalo (Erie),338,ERIE,0,14210
3,NY,38,Buffalo (Erie),338,ERIE,0,14211
3,NY,38,Buffalo (Erie),338,ERIE,0,14212
3,NY,38,Buffalo (Erie),338,ERIE,0,14213
3,NY,38,Buffalo (Erie),338,ERIE,0,14214
3,NY,38,Buffalo (Erie),338,ERIE,0,14215
3,NY,38,Buffalo (Erie),338,ERIE,0,14216
3,NY,38,Buffalo (Erie),338,ERIE,0,14220
3,NY,38,Buffalo (Erie),338,ERIE,0,14222
3,NY,38,Buffalo (Erie),338,ERIE,0,14233
3,NY,38,Buffalo (Erie),338,ERIE,0,14240
3,NY,38,Buffalo (Erie),338,ERIE,0,14263
3,NY,38,Buffalo (Erie),338,ERIE,0,14264
3,NY,38,Buffalo (Erie),338,ERIE,0,14265
3,NY,38,Buffalo (Erie),338,ERIE,0,14267
3,NY,38,Buffalo (Erie),338,ERIE,0,14269
3,NY,38,Buffalo (Erie),338,ERIE,0,14270
3,NY,38,Buffalo (Erie),338,ERIE,0,14272
3,NY,38,Buffalo (Erie),338,ERIE,0,14273
3,NY,38,Buffalo (Erie),338,ERIE,0,14276
3,NY,38,Buffalo (Erie),338,ERIE,0,14280
3,NY,42,Rochester (Monroe),342,MONROE,0,14604
3,NY,42,Rochester (Monroe),342,MONROE,0,14605
3,NY,42,Rochester (Monroe),342,MONROE,0,14606
3,NY,42,Rochester (Monroe),342,MONROE,0,14607
3,NY,42,Rochester (Monroe),342,MONROE,0,14608
3,NY,42,Rochester (Monroe),342,MONROE,0,14609
3,NY,42,Rochester (Monroe),342,MONROE,0,14610
3,NY,42,Rochester (Monroe),342,MONROE,0,14611
3,NY,42,Rochester (Monroe),342,MONROE,0,14613
3,NY,42,Rochester (Monroe),342,MONROE,0,14614
3,NY,42,Rochester (Monroe),342,MONROE,0,14615
3,NY,42,Rochester (Monroe),342,MONROE,0,14619
3,NY,42,Rochester (Monroe),342,MONROE,0,14620
3,NY,42,Rochester (Monroe),342,MONROE,0,14621
3,NY,42,Rochester (Monroe),342,MONROE,0,14627
3,NY,42,Rochester (Monroe),342,MONROE,0,14638
3,NY,42,Rochester (Monroe),342,MONROE,0,14639
3,NY,42,Rochester (Monroe),342,MONROE,0,14642
3,NY,42,Rochester (Monroe),342,MONROE,0,14643
3,NY,42,Rochester (Monroe),342,MONROE,0,14644
3,NY,42,Rochester (Monroe),342,MONROE,0,14646
3,NY,42,Rochester (Monroe),342,MONROE,0,14647
3,NY,42,Rochester (Monroe),342,MONROE,0,14649
3,NY,42,Rochester (Monroe),342,MONROE,0,14650
3,NY,42,Rochester (Monroe),342,MONROE,0,14651
3,NY,42,Rochester (Monroe),342,MONROE,0,14652
3,NY,42,Rochester (Monroe),342,MONROE,0,14694
3,NY,45,Brookhaven (Suffolk),345,SUFFOLK,0,501
3,NY,45,Brookhaven (Suffolk),345,SUFFOLK,0,544
3,NY,45,Brookhaven (Suffolk),345,SUFFOLK,0,11713
3,NY,45,Brookhaven (Suffolk),345,SUFFOLK,0,11715
3,NY,45,Brookhaven (Suffolk),345,SUFFOLK,0,11719
3,NY,45,Brookhaven (Suffolk),345,SUFFOLK,0,11720
3,NY,45,Brookhaven (Suffolk),345,SUFFOLK,0,11727
3,NY,45,Brookhaven (Suffolk),345,SUFFOLK,0,11733
3,NY,45,Brookhaven (Suffolk),345,SUFFOLK,0,11738
3,NY,45,Brookhaven (Suffolk),345,SUFFOLK,0,11742
3,NY,45,Brookhaven (Suffolk),345,SUFFOLK,0,11755
3,NY,45,Brookhaven (Suffolk),345,SUFFOLK,0,11763
3,NY,45,Brookhaven (Suffolk),345,SUFFOLK,0,11764
3,NY,45,Brookhaven (Suffolk),345,SUFFOLK,0,11766
3,NY,45,Brookhaven (Suffolk),345,SUFFOLK,0,11772
3,NY,45,Brookhaven (Suffolk),345,SUFFOLK,0,11776
3,NY,45,Brookhaven (Suffolk),345,SUFFOLK,0,11777
3,NY,45,Brookhaven (Suffolk),345,SUFFOLK,0,11778
3,NY,45,Brookhaven (Suffolk),345,SUFFOLK,0,11782
3,NY,45,Brookhaven (Suffolk),345,SUFFOLK,0,11784
3,NY,45,Brookhaven (Suffolk),345,SUFFOLK,0,11786
3,NY,45,Brookhaven (Suffolk),345,SUFFOLK,0,11789
3,NY,45,Brookhaven (Suffolk),345,SUFFOLK,0,11790
3,NY,45,Brookhaven (Suffolk),345,SUFFOLK,0,11794
3,NY,45,Brookhaven (Suffolk),345,SUFFOLK,0,11934
3,NY,45,Brookhaven (Suffolk),345,SUFFOLK,0,11940
3,NY,45,Brookhaven (Suffolk),345,SUFFOLK,0,11949
3,NY,45,Brookhaven (Suffolk),345,SUFFOLK,0,11950
3,NY,45,Brookhaven (Suffolk),345,SUFFOLK,0,11951
3,NY,45,Brookhaven (Suffolk),345,SUFFOLK,0,11953
3,NY,45,Brookhaven (Suffolk),345,SUFFOLK,0,11955
3,NY,45,Brookhaven (Suffolk),345,SUFFOLK,0,11961
3,NY,45,Brookhaven (Suffolk),345,SUFFOLK,0,11967
3,NY,45,Brookhaven (Suffolk),345,SUFFOLK,0,11973
3,NY,45,Brookhaven (Suffolk),345,SUFFOLK,0,11980
